<?xml version="1.0" encoding="UTF-8"?>
<!DOCTYPE plist PUBLIC "-//Apple//DTD PLIST 1.0//EN" "http://www.apple.com/DTDs/PropertyList-1.0.dtd">
<plist version="1.0">
<dict>
	<key>com.apple.print.PageFormat.FormattingPrinter</key>
	<dict>
		<key>com.apple.print.ticket.creator</key>
		<string>com.apple.jobticket</string>
		<key>com.apple.print.ticket.itemArray</key>
		<array>
			<dict>
				<key>com.apple.print.PageFormat.FormattingPrinter</key>
				<string> </string>
				<key>com.apple.print.ticket.stateFlag</key>
				<integer>0</integer>
			</dict>
		</array>
	</dict>
	<key>com.apple.print.PageFormat.PMHorizontalRes</key>
	<dict>
		<key>com.apple.print.ticket.creator</key>
		<string>com.apple.jobticket</string>
		<key>com.apple.print.ticket.itemArray</key>
		<array>
			<dict>
				<key>com.apple.print.PageFormat.PMHorizontalRes</key>
				<real>300</real>
				<key>com.apple.print.ticket.stateFlag</key>
				<integer>0</integer>
			</dict>
		</array>
	</dict>
	<key>com.apple.print.PageFormat.PMOrientation</key>
	<dict>
		<key>com.apple.print.ticket.creator</key>
		<string>com.apple.jobticket</string>
		<key>com.apple.print.ticket.itemArray</key>
		<array>
			<dict>
				<key>com.apple.print.PageFormat.PMOrientation</key>
				<integer>1</integer>
				<key>com.apple.print.ticket.stateFlag</key>
				<integer>0</integer>
			</dict>
		</array>
	</dict>
	<key>com.apple.print.PageFormat.PMScaling</key>
	<dict>
		<key>com.apple.print.ticket.creator</key>
		<string>com.apple.jobticket</string>
		<key>com.apple.print.ticket.itemArray</key>
		<array>
			<dict>
				<key>com.apple.print.PageFormat.PMScaling</key>
				<real>1</real>
				<key>com.apple.print.ticket.stateFlag</key>
				<integer>0</integer>
			</dict>
		</array>
	</dict>
	<key>com.apple.print.PageFormat.PMVerticalRes</key>
	<dict>
		<key>com.apple.print.ticket.creator</key>
		<string>com.apple.jobticket</string>
		<key>com.apple.print.ticket.itemArray</key>
		<array>
			<dict>
				<key>com.apple.print.PageFormat.PMVerticalRes</key>
				<real>300</real>
				<key>com.apple.print.ticket.stateFlag</key>
				<integer>0</integer>
			</dict>
		</array>
	</dict>
	<key>com.apple.print.PageFormat.PMVerticalScaling</key>
	<dict>
		<key>com.apple.print.ticket.creator</key>
		<string>com.apple.jobticket</string>
		<key>com.apple.print.ticket.itemArray</key>
		<array>
			<dict>
				<key>com.apple.print.PageFormat.PMVerticalScaling</key>
				<real>1</real>
				<key>com.apple.print.ticket.stateFlag</key>
				<integer>0</integer>
			</dict>
		</array>
	</dict>
	<key>com.apple.print.subTicket.paper_info_ticket</key>
	<dict>
		<key>PMPPDPaperCodeName</key>
		<dict>
			<key>com.apple.print.ticket.creator</key>
			<string>com.apple.jobticket</string>
			<key>com.apple.print.ticket.itemArray</key>
			<array>
				<dict>
					<key>PMPPDPaperCodeName</key>
					<string>A4</string>
					<key>com.apple.print.ticket.stateFlag</key>
					<integer>0</integer>
				</dict>
			</array>
		</dict>
		<key>PMPPDTranslationStringPaperName</key>
		<dict>
			<key>com.apple.print.ticket.creator</key>
			<string>com.apple.jobticket</string>
			<key>com.apple.print.ticket.itemArray</key>
			<array>
				<dict>
					<key>PMPPDTranslationStringPaperName</key>
					<string>A4</string>
					<key>com.apple.print.ticket.stateFlag</key>
					<integer>0</integer>
				</dict>
			</array>
		</dict>
		<key>PMTiogaPaperName</key>
		<dict>
			<key>com.apple.print.ticket.creator</key>
			<string>com.apple.jobticket</string>
			<key>com.apple.print.ticket.itemArray</key>
			<array>
				<dict>
					<key>PMTiogaPaperName</key>
					<string>iso-a4</string>
					<key>com.apple.print.ticket.stateFlag</key>
					<integer>0</integer>
				</dict>
			</array>
		</dict>
		<key>com.apple.print.PageFormat.PMAdjustedPageRect</key>
		<dict>
			<key>com.apple.print.ticket.creator</key>
			<string>com.apple.jobticket</string>
			<key>com.apple.print.ticket.itemArray</key>
			<array>
				<dict>
					<key>com.apple.print.PageFormat.PMAdjustedPageRect</key>
					<array>
						<integer>0</integer>
						<integer>0</integer>
						<real>3262.5000000000005</real>
						<real>2329.166666666667</real>
					</array>
					<key>com.apple.print.ticket.stateFlag</key>
					<integer>0</integer>
				</dict>
			</array>
		</dict>
		<key>com.apple.print.PageFormat.PMAdjustedPaperRect</key>
		<dict>
			<key>com.apple.print.ticket.creator</key>
			<string>com.apple.jobticket</string>
			<key>com.apple.print.ticket.itemArray</key>
			<array>
				<dict>
					<key>com.apple.print.PageFormat.PMAdjustedPaperRect</key>
					<array>
						<real>-75</real>
						<real>-75</real>
						<real>3433.3333333333335</real>
						<real>2404.166666666667</real>
					</array>
					<key>com.apple.print.ticket.stateFlag</key>
					<integer>0</integer>
				</dict>
			</array>
		</dict>
		<key>com.apple.print.PaperInfo.PMCustomPaper</key>
		<dict>
			<key>com.apple.print.ticket.creator</key>
			<string>com.apple.jobticket</string>
			<key>com.apple.print.ticket.itemArray</key>
			<array>
				<dict>
					<key>com.apple.print.PaperInfo.PMCustomPaper</key>
					<false/>
					<key>com.apple.print.ticket.stateFlag</key>
					<integer>0</integer>
				</dict>
			</array>
		</dict>
		<key>com.apple.print.PaperInfo.PMPaperName</key>
		<dict>
			<key>com.apple.print.ticket.creator</key>
			<string>com.apple.jobticket</string>
			<key>com.apple.print.ticket.itemArray</key>
			<array>
				<dict>
					<key>com.apple.print.PaperInfo.PMPaperName</key>
					<string>iso-a4</string>
					<key>com.apple.print.ticket.stateFlag</key>
					<integer>0</integer>
				</dict>
			</array>
		</dict>
		<key>com.apple.print.PaperInfo.PMUnadjustedPageRect</key>
		<dict>
			<key>com.apple.print.ticket.creator</key>
			<string>com.apple.jobticket</string>
			<key>com.apple.print.ticket.itemArray</key>
			<array>
				<dict>
					<key>com.apple.print.PaperInfo.PMUnadjustedPageRect</key>
					<array>
						<integer>0</integer>
						<integer>0</integer>
						<real>783</real>
						<real>559</real>
					</array>
					<key>com.apple.print.ticket.stateFlag</key>
					<integer>0</integer>
				</dict>
			</array>
		</dict>
		<key>com.apple.print.PaperInfo.PMUnadjustedPaperRect</key>
		<dict>
			<key>com.apple.print.ticket.creator</key>
			<string>com.apple.jobticket</string>
			<key>com.apple.print.ticket.itemArray</key>
			<array>
				<dict>
					<key>com.apple.print.PaperInfo.PMUnadjustedPaperRect</key>
					<array>
						<real>-18</real>
						<real>-18</real>
						<real>824</real>
						<real>577</real>
					</array>
					<key>com.apple.print.ticket.stateFlag</key>
					<integer>0</integer>
				</dict>
			</array>
		</dict>
		<key>com.apple.print.PaperInfo.ppd.PMPaperName</key>
		<dict>
			<key>com.apple.print.ticket.creator</key>
			<string>com.apple.jobticket</string>
			<key>com.apple.print.ticket.itemArray</key>
			<array>
				<dict>
					<key>com.apple.print.PaperInfo.ppd.PMPaperName</key>
					<string>A4</string>
					<key>com.apple.print.ticket.stateFlag</key>
					<integer>0</integer>
				</dict>
			</array>
		</dict>
		<key>com.apple.print.ticket.APIVersion</key>
		<string>00.20</string>
		<key>com.apple.print.ticket.type</key>
		<string>com.apple.print.PaperInfoTicket</string>
	</dict>
	<key>com.apple.print.ticket.APIVersion</key>
	<string>00.20</string>
	<key>com.apple.print.ticket.type</key>
	<string>com.apple.print.PageFormatTicket</string>
</dict>
</plist>
